average_paths_per_processed_user,bound_fallbacks,budget_fraction,city,dominance_enabled,enumeration_limit_seconds,enumeration_seconds,max_paths_per_user,median_paths_per_processed_user,multi_path_users,multimodal_paths,multimodal_users,network_arcs,network_nodes,nusers_requested,retained_stations,run_status,timed_out,total_paths,users_processed,users_with_paths,wall_time_seconds
1.006,0,0.5,cologne,true,120.0,5.743000030517578,2,1.0,6,0,0,5030,200,1000,50,ok,false,1006,1000,1000,6.397000074386597
1.034,0,0.5,cologne,false,120.0,4.8420000076293945,3,1.0,33,0,0,5030,200,1000,50,ok,false,1034,1000,1000,4.843000173568726
1.0066,0,0.5,cologne,true,120.0,49.1419997215271,2,1.0,66,2,2,5030,200,10000,50,ok,false,10066,10000,10000,49.14699983596802
1.0392,0,0.5,cologne,false,120.0,49.180999755859375,3,1.0,385,2,2,5030,200,10000,50,ok,false,10392,10000,10000,49.204999923706055
1.011,0,0.5,cologne,true,120.0,14.924000024795532,3,1.0,9,11,11,13325,400,1000,100,ok,false,1011,1000,1000,14.933000087738037
1.022,0,0.5,cologne,false,120.0,14.825999975204468,3,1.0,20,11,11,13325,400,1000,100,ok,false,1022,1000,1000,14.825999975204468
1.0123931094311562,1,0.5,cologne,true,120.0,119.96300029754639,4,1.0,87,71,67,13325,400,10000,100,ok,true,8169,8069,8069,120.04800009727478
1.0192259985115355,1,0.5,cologne,false,120.0,119.99799990653992,5,1.0,136,74,67,13325,400,10000,100,ok,true,8217,8062,8062,120.0149998664856
1.014,0,0.5,cologne,true,120.0,24.996000051498413,2,1.0,14,9,9,21061,600,1000,150,ok,false,1014,1000,1000,24.999000072479248
1.017,0,0.5,cologne,false,120.0,25.170000314712524,2,1.0,17,9,9,21061,600,1000,150,ok,false,1017,1000,1000,25.174000024795532
1.0108536839908162,1,0.5,cologne,true,120.0,119.99499988555908,3,1.0,50,31,31,21061,600,10000,150,ok,true,4843,4791,4791,120.00799989700317
1.0147855060391504,1,0.5,cologne,false,120.0,120.00099992752075,3,1.0,67,31,31,21061,600,10000,150,ok,true,4873,4802,4802,120.00099992752075
1.023,0,0.5,cologne,true,120.0,35.08799982070923,6,1.0,18,20,17,27803,800,1000,200,ok,false,1023,1000,1000,35.097999811172485
1.037,0,0.5,cologne,false,120.0,35.64100003242493,7,1.0,30,21,18,27803,800,1000,200,ok,false,1037,1000,1000,35.644999980926514
1.0158823529411765,0,0.5,cologne,true,120.0,119.96500039100647,6,1.0,48,39,36,27803,800,10000,200,ok,true,3454,3400,3399,120.00699996948242
1.0297408716136631,1,0.5,cologne,false,120.0,119.98500037193298,7,1.0,91,40,37,27803,800,10000,200,ok,true,3497,3396,3396,120.00699996948242
1.365,0,0.5,heidelberg,true,120.0,3.1409997940063477,10,1.0,208,123,86,3365,200,1000,50,ok,false,1365,1000,1000,3.1409997940063477
1.641,0,0.5,heidelberg,false,120.0,3.192000150680542,16,1.0,256,135,86,3365,200,1000,50,ok,false,1641,1000,1000,3.192000150680542
1.326,0,0.5,heidelberg,true,120.0,32.182000398635864,11,1.0,2036,1047,812,3365,200,10000,50,ok,false,13260,10000,10000,32.19200015068054
1.609,0,0.5,heidelberg,false,120.0,32.03099989891052,30,1.0,2485,1356,812,3365,200,10000,50,ok,false,16090,10000,10000,32.05299997329712
1.556,0,0.5,heidelberg,true,120.0,5.726999998092651,16,1.0,224,234,132,5624,400,1000,100,ok,false,1556,1000,1000,5.726999998092651
3.248,0,0.5,heidelberg,false,120.0,5.751999855041504,226,1.0,265,489,132,5624,400,1000,100,ok,false,3248,1000,1000,5.753999948501587
1.5426,0,0.5,heidelberg,true,120.0,58.206000566482544,20,1.0,2158,2315,1327,5624,400,10000,100,ok,false,15426,10000,10000,58.21500015258789
3.2884,0,0.5,heidelberg,false,120.0,58.046000242233276,321,1.0,2676,5612,1331,5624,400,10000,100,ok,false,32884,10000,10000,58.08400011062622
1.99,0,0.5,heidelberg,true,120.0,8.230000019073486,41,1.0,239,486,150,7557,600,1000,150,ok,false,1990,1000,1000,8.230000019073486
24.186,0,0.5,heidelberg,false,120.0,8.882000207901001,3424,1.0,270,4230,150,7557,600,1000,150,ok,false,24186,1000,1000,8.891999959945679
1.9083,0,0.5,heidelberg,true,120.0,82.99900007247925,65,1.0,2232,4411,1594,7557,600,10000,150,ok,false,19083,10000,10000,83.01600003242493
20.3745,0,0.5,heidelberg,false,120.0,86.52099943161011,9561,1.0,2667,34222,1596,7557,600,10000,150,ok,false,203745,10000,10000,86.6010000705719
1.981,0,0.5,heidelberg,true,120.0,12.260999917984009,47,1.0,223,385,151,10346,800,1000,200,ok,false,1981,1000,1000,12.260999917984009
41.601,0,0.5,heidelberg,false,120.0,13.315000057220459,9148,1.0,279,2665,151,10346,800,1000,200,ok,false,41601,1000,1000,13.335000038146973
1.9754414450984372,1,0.5,heidelberg,true,120.0,119.99300026893616,76,1.0,2302,3848,1335,10346,800,10000,200,ok,true,19466,9854,9854,120.00500011444092
36.391219933124795,1,0.5,heidelberg,false,120.0,119.87300086021423,18200,1.0,2638,26803,1254,10346,800,10000,200,ok,true,337383,9271,9271,120.00399994850159
1.035,0,0.5,karlsruhe,true,120.0,4.133000135421753,3,1.0,32,5,5,4270,200,1000,50,ok,false,1035,1000,1000,4.133000135421753
1.066,0,0.5,karlsruhe,false,120.0,4.138999938964844,3,1.0,60,5,5,4270,200,1000,50,ok,false,1066,1000,1000,4.138999938964844
1.0417,0,0.5,karlsruhe,true,120.0,41.49300003051758,3,1.0,406,66,58,4270,200,10000,50,ok,false,10417,10000,10000,41.521000146865845
1.0655,0,0.5,karlsruhe,false,120.0,41.829999685287476,3,1.0,630,66,58,4270,200,10000,50,ok,false,10655,10000,10000,41.85599994659424
1.039,0,0.5,karlsruhe,true,120.0,9.401000022888184,3,1.0,34,43,43,8756,400,1000,100,ok,false,1039,1000,1000,9.41100001335144
1.051,0,0.5,karlsruhe,false,120.0,9.158000230789185,3,1.0,42,44,43,8756,400,1000,100,ok,false,1051,1000,1000,9.166000127792358
1.0515,0,0.5,karlsruhe,true,120.0,94.22599983215332,9,1.0,385,433,409,8756,400,10000,100,ok,false,10515,10000,10000,94.24600005149841
1.0725,0,0.5,karlsruhe,false,120.0,93.73900008201599,16,1.0,473,451,409,8756,400,10000,100,ok,false,10725,10000,10000,93.76500010490417
1.082,0,0.5,karlsruhe,true,120.0,16.937999963760376,6,1.0,54,49,46,13876,600,1000,150,ok,false,1082,1000,1000,16.937999963760376
1.142,0,0.5,karlsruhe,false,120.0,16.538000106811523,12,1.0,82,57,47,13876,600,1000,150,ok,false,1142,1000,1000,16.538000106811523
1.0705452501405284,1,0.5,karlsruhe,true,120.0,119.95499992370605,7,1.0,342,394,359,13876,600,10000,150,ok,true,7618,7116,7116,120.00999999046326
1.1263950892857142,1,0.5,karlsruhe,false,120.0,119.94599962234497,30,1.0,506,461,365,13876,600,10000,150,ok,true,8074,7168,7168,120.0
1.1,0,0.5,karlsruhe,true,120.0,21.68400001525879,7,1.0,59,92,82,16986,800,1000,200,ok,false,1100,1000,1000,21.68400001525879
1.249,0,0.5,karlsruhe,false,120.0,21.8439998626709,28,1.0,116,117,82,16986,800,1000,200,ok,false,1249,1000,1000,21.85700011253357
1.1022975929978118,1,0.5,karlsruhe,true,120.0,119.97900032997131,14,1.0,291,542,450,16986,800,10000,200,ok,true,6045,5484,5484,120.0019998550415
1.2611151603498543,1,0.5,karlsruhe,false,120.0,119.97699999809265,40,1.0,614,738,455,16986,800,10000,200,ok,true,6921,5488,5488,120.00300002098083
